{"cameraMode":{"drawMode":0,"name":"Shaded","section":"Shading Mode"},"sceneLighting":true,"audioPlay":false,"sceneViewState":{"showFog":true,"showMaterialUpdate":false,"showSkybox":true,"showFlares":true,"showImageEffects":true,"showParticleSystems":true},"in2DMode":false,"pivot":{"x":9.729616165161133,"y":-1.3793635368347169,"z":8.521880149841309},"rotation":{"x":0.2419394552707672,"y":-0.03201272338628769,"z":0.007986901327967644,"w":0.9697303175926209},"size":19.298818588256837,"orthographic":false}