{"cameraMode":{"drawMode":0,"name":"Shaded","section":"Shading Mode"},"sceneLighting":true,"audioPlay":false,"sceneViewState":{"showFog":true,"showMaterialUpdate":false,"showSkybox":true,"showFlares":true,"showImageEffects":true,"showParticleSystems":true},"in2DMode":false,"pivot":{"x":1.803595781326294,"y":2.1944408416748049,"z":6.1140594482421879},"rotation":{"x":0.36687180399894717,"y":0.03347925841808319,"z":-0.013213514350354672,"w":0.9295797944068909},"size":20.90748405456543,"orthographic":false}